id,imeiprezime,email,tema,poruka
30,"Neko Nekic",nnekic@domena.com,"Neka tema","Neka poruka. 0123456789 ABCDEF"
29,"Peto ime",ime@email.com,Test,"Neka poruka 123456"
28,"Neko Nekic",nnekic@domena.com,"Neka tema","Neka poruka. 0123456789 ABCDEF"
27,"Peto ime",ime@email.com,Test,"Neka poruka 123456"
26,"Neko Nekic",nnekic@domena.com,"Neka tema","Neka poruka. 0123456789 ABCDEF"
25,"Peto ime",ime@email.com,Test,"Neka poruka 123456"
24,"Neko Nekic",nnekic@domena.com,"Neka tema","Neka poruka. 0123456789 ABCDEF"
23,"Peto ime",ime@email.com,Test,"Neka poruka 123456"
22,"Neko Nekic",nnekic@domena.com,"Neka tema","Neka poruka. 0123456789 ABCDEF"
21,"Peto ime",ime@email.com,Test,"Neka poruka 123456"
31,"Peto ime",ime@email.com,Test,"Neka poruka 123456"
32,"Neko Nekic",nnekic@domena.com,"Neka tema","Neka poruka. 0123456789 ABCDEF"
33,"Peto ime",ime@email.com,Test,"Neka poruka 123456"
34,"Neko Nekic",nnekic@domena.com,"Neka tema","Neka poruka. 0123456789 ABCDEF"
35,"Peto ime",ime@email.com,Test,"Neka poruka 123456"
36,"Neko Nekic",nnekic@domena.com,"Neka tema","Neka poruka. 0123456789 ABCDEF"
37,"Peto ime",ime@email.com,Test,"Neka poruka 123456"
38,"Neko Nekic",nnekic@domena.com,"Neka tema","Neka poruka. 0123456789 ABCDEF"
39,"Peto ime",ime@email.com,Test,"Neka poruka 123456"
40,"Neko Nekic",nnekic@domena.com,"Neka tema","Neka poruka. 0123456789 ABCDEF"
41,"Peto ime",ime@email.com,Test,"Neka poruka 123456"
42,"Neko Nekic",nnekic@domena.com,"Neka tema","Neka poruka. 0123456789 ABCDEF"
43,"Peto ime",ime@email.com,Test,"Neka poruka 123456"
44,"Neko Nekic",nnekic@domena.com,"Neka tema","Neka poruka. 0123456789 ABCDEF"
45,"Peto ime",ime@email.com,Test,"Neka poruka 123456"
46,"Neko Nekic",nnekic@domena.com,"Neka tema","Neka poruka. 0123456789 ABCDEF"
47,"ime i prezime",email@email.com,"Radi iz prve","Radi iz prve"
48,"Peto ime",ime@email.com,Test,"Neka poruka 123456"
49,"Neko Nekic",nnekic@domena.com,"Neka tema","Neka poruka. 0123456789 ABCDEF"
50,"Peto ime",ime@email.com,Test,"Neka poruka 123456"
51,"Neko Nekic",nnekic@domena.com,"Neka tema","Neka poruka. 0123456789 ABCDEF"
52,"Peto ime",ime@email.com,Test,"Neka poruka 123456"
53,"Neko Nekic",nnekic@domena.com,"Neka tema","Neka poruka. 0123456789 ABCDEF"
